Título:;Data:;Link:;Fonte:
Comandante do Exército não confessou vender fuzis a facções | Aos Fatos;20/10/2023;https://www.aosfatos.org//noticias/falso-comandante-exercito-confessou-vender-fuzis/;Aos Fatos
Vídeo não mostra ataque do Hamas a embaixada no Bahrein | Aos Fatos;20/10/2023;https://www.aosfatos.org//noticias/video-bahrein-2012-nao-ataque-hamas/;Aos Fatos
Lula não desviou caminhões da Codevasf para seu filho | Aos Fatos;20/10/2023;https://www.aosfatos.org//noticias/falso-lula-caminhoes-codevasf-filho/;Aos Fatos
Vídeo não mostra membros do Hamas em Crateús, no Ceará | Aos Fatos;20/10/2023;https://www.aosfatos.org//noticias/falso-hamas-crateus-ceara/;Aos Fatos
"É #FAKE vídeo em que carrinho de compras &#39;fantasma&#39; anda sozinho na madrugada em supermercado | Fato ou Fake | G1";20/10/2023;https://g1.globo.com/fato-ou-fake/noticia/2023/10/20/e-fake-video-em-que-carrinho-de-compras-fantasma-anda-sozinho-na-madrugada-em-supermercado.ghtml;Fato ou Fake
Vídeo não mostra fala pró-Israel feita por palestino na ONU | Aos Fatos;19/10/2023;https://www.aosfatos.org//noticias/video-nao-mostra-discurso-pro-israel-feito-por-lider-palestino-na-onu/;Aos Fatos
"É #FAKE vídeo que mostra heroína salvando menina de sequestro; trata-se de uma encenação | Fato ou Fake | G1";19/10/2023;https://g1.globo.com/fato-ou-fake/noticia/2023/10/19/e-fake-video-que-mostra-heroina-salvando-menina-de-sequestro-trata-se-de-uma-encenacao.ghtml;Fato ou Fake
Posts inventam leilão dos Correios para aplicar golpe | Aos Fatos;18/10/2023;https://www.aosfatos.org//noticias/posts-inventam-leilao-de-smartphones-pelos-correios-para-aplicar-golpe/;Aos Fatos
Imagens não mostram militares presos por transportar drogas | Aos Fatos;18/10/2023;https://www.aosfatos.org//noticias/falso-imagens-militares-presos-drogas/;Aos Fatos
Vídeo mostra prisão de líder armênio, não de chefe do Hamas | Aos Fatos;18/10/2023;https://www.aosfatos.org//noticias/video-prisao-lider-armenio-nao-comandante-hamas/;Aos Fatos
Veja o que é #FATO ou #FAKE em vídeos que viralizaram durante o conflito entre Israel e Hamas | Fato ou Fake | G1;18/10/2023;https://g1.globo.com/fato-ou-fake/noticia/2023/10/18/veja-o-que-e-fato-ou-fake-em-videos-que-viralizaram-durante-o-conflito-entre-israel-e-hamas.ghtml;Fato ou Fake
Vídeo não mostra funeral encenado recentemente na Palestina | Aos Fatos;17/10/2023;https://www.aosfatos.org//noticias/funeral-encenado-foi-gravado-na-jordania-em-2020-nao-recentemente-na-palestina/;Aos Fatos
Posts usam vídeo antigo para questionar cirurgia de Lula | Aos Fatos;17/10/2023;https://www.aosfatos.org//noticias/video-antigo-para-questionar-veracidade-de-cirurgia-recente-de-lula/;Aos Fatos
Foto não mostra Bolsonaro cumprimentando o chefe do Hamas | Aos Fatos;17/10/2023;https://www.aosfatos.org//noticias/bolsonaro-cumprimenta-presidente-emirados-arabes-unidos-nao-chefe-do-hamas/;Aos Fatos
Lula não assinou acordo de cooperação técnica com o Hamas | Aos Fatos;17/10/2023;https://www.aosfatos.org//noticias/falso-governo-lula-cooperacao-tecnica-hamas/;Aos Fatos
Cristiano Ronaldo não foi condenado por adultério no Irã | Aos Fatos;16/10/2023;https://www.aosfatos.org//noticias/falso-cristiano-ronaldo-condenado-adulterio-pintora-iraniana/;Aos Fatos
Michelle Bolsonaro não recepcionou repatriados de Israel | Aos Fatos;16/10/2023;https://www.aosfatos.org//noticias/falso-michelle-bolsonaro-brasileiros-israel/;Aos Fatos
É #FAKE que vídeos mostrem queda de turbina de avião sobre carro perto do Aeroporto de Guarulhos | Fato ou Fake | G1;12/10/2023;https://g1.globo.com/fato-ou-fake/noticia/2023/10/12/e-fake-que-videos-mostrem-queda-de-turbina-de-aviao-sobre-carro-perto-do-aeroporto-de-guarulhos.ghtml;Fato ou Fake
O que é #Fato e o que é #Fake na guerra entre Israel e Hamas | Fato ou Fake | G1;12/10/2023;https://g1.globo.com/fato-ou-fake/video/o-que-e-fato-e-o-que-e-fake-na-guerra-entre-israel-e-hamas-12039216.ghtml;Fato ou Fake
Vídeo mostra cena de filme, não morte forjada em Israel | Aos Fatos;11/10/2023;https://www.aosfatos.org//noticias/video-gravacao-filme-nao-encenacao-mortes-israel-hamas/;Aos Fatos
É falso que foto mostra Boulos com integrantes do Hamas | Aos Fatos;11/10/2023;https://www.aosfatos.org//noticias/falso-foto-guilherme-boulos-hamas/;Aos Fatos
Vídeo mostra ataque turco à Síria, não contra Israel | Aos Fatos;11/10/2023;https://www.aosfatos.org//noticias/video-ataque-siria-2020-nao-israel/;Aos Fatos
Foto de bebê amarrado a granadas não é recente | Aos Fatos;11/10/2023;https://www.aosfatos.org//noticias/foto-bebe-granadas-nao-israel/;Aos Fatos
É #FAKE que vídeo mostre traficantes expulsando turistas de praia na Bahia | Fato ou Fake | G1;11/10/2023;https://g1.globo.com/fato-ou-fake/noticia/2023/10/11/e-fake-que-video-mostre-traficantes-expulsando-turistas-de-praia-na-bahia.ghtml;Fato ou Fake
Vídeo mostra cenas de jogo, não guerra entre Israel e Hamas | Aos Fatos;10/10/2023;https://www.aosfatos.org//noticias/cenas-videogame-nao-ataque-israel-hamas/;Aos Fatos
Vídeo antigo de ataque israelense circula fora de contexto | Aos Fatos;10/10/2023;https://www.aosfatos.org//noticias/video-antigo-faixa-de-gaza-circula-como-recente/;Aos Fatos
Vídeo não mostra sequestro de LGBTQIA+ em ato pró-Hamas | Aos Fatos;10/10/2023;https://www.aosfatos.org//noticias/cenas-repressao-ato-lgbtqia-ucrania-circulam-como-se-mostrassem-marcha-pro-hamas/;Aos Fatos
É falso que foto mostra Lula cumprimentando o chefe do Hamas | Aos Fatos;10/10/2023;https://www.aosfatos.org//noticias/falso-foto-lula-chefe-hamas/;Aos Fatos, Fato ou Fake
É falso que vídeo mostra toque de recolher em praia da Bahia | Aos Fatos;09/10/2023;https://www.aosfatos.org//noticias/falso-video-toque-de-recolher-bahia/;Aos Fatos
Vídeos mostram jogo online, não guerra entre Israel e Hamas | Aos Fatos;09/10/2023;https://www.aosfatos.org//noticias/videos-jogo-arma3-nao-guerra-israel-hamas/;Aos Fatos
Vídeo não mostra Hamas invadindo de parapente rave em Israel | Aos Fatos;09/10/2023;https://www.aosfatos.org//noticias/falso-invasao-hamas-parapente/;Aos Fatos
É falso que Lula doou R$ 25 milhões a Hamas | Aos Fatos;09/10/2023;https://www.aosfatos.org//noticias/falso-lula-doou-25-milhoes-hamas/;Aos Fatos
É #FAKE que vídeo que mostra explosão durante fuga de bandidos foi gravado no Brasil | Fato ou Fake | G1;09/10/2023;https://g1.globo.com/fato-ou-fake/noticia/2023/10/09/e-fake-que-video-que-mostra-explosao-durante-fuga-de-bandidos-foi-gravado-no-brasil.ghtml;Fato ou Fake
É falso que Alexandre de Moraes foi advogado do PCC | Aos Fatos;06/10/2023;https://www.aosfatos.org//noticias/falso-alexandre-de-moraes-advogado-do-pcc/;Aos Fatos
Empréstimo do CAF à Argentina não teve garantias do Brasil | Aos Fatos;06/10/2023;https://www.aosfatos.org//noticias/emprestimo-caf-argentina/;Aos Fatos
"É #FATO: a rua inclinada e escorregadia no México que é famosa por deixar carros desgovernados; VÍDEO | Fato ou Fake | G1";06/10/2023;https://g1.globo.com/fato-ou-fake/noticia/2023/10/06/e-fato-a-rua-inclinada-e-escorregadia-no-mexico-que-e-famosa-por-deixar-carros-desgovernados-video.ghtml;Fato ou Fake
PEC do Plasma não impede venda de sangue de vacinados | Aos Fatos;05/10/2023;https://www.aosfatos.org//noticias/falso-pec-do-plasma-impede-venda-sangue-vacinados/;Aos Fatos
Vídeo não mostra incêndio causado por autoridades no Pará | Aos Fatos;05/10/2023;https://www.aosfatos.org//noticias/falso-video-incendio-comercios-pf-forca-nacional/;Aos Fatos
Marcola não será solto após alvará expedido pela Justiça | Aos Fatos;04/10/2023;https://www.aosfatos.org//noticias/falso-marcola-solto-alvara-tjsp/;Aos Fatos
Ministério não quer cancelar eleição de conselhos tutelares | Aos Fatos;04/10/2023;https://www.aosfatos.org//noticias/falso-ministerio-direitos-humanos-cancelar-eleicao-conselhos-tutelares/;Aos Fatos
Canadá não disse que vacinados por Covid-19 contraíram Aids | Aos Fatos;03/10/2023;https://www.aosfatos.org//noticias/falso-canada-vacinados-covid-19-aids/;Aos Fatos
Vídeo sobre criança que recebeu camisinha de escola é antigo | Aos Fatos;03/10/2023;https://www.aosfatos.org//noticias/mulher-denuncia-filha-camisinhas-escola/;Aos Fatos
Vídeo não mostra muçulmano detido por tráfico de crianças | Aos Fatos;02/10/2023;https://www.aosfatos.org//noticias/video-excesso-de-passageiros-nao-trafico-de-criancas/;Aos Fatos
Vídeo não mostra muçulmano detido por tráfico de crianças | Aos Fatos;02/10/2023;https://www.aosfatos.org//noticias/video-excesso-de-passageiros-nao-trafico-de-criancas/;Aos Fatos
É falso que imposto sindical foi descontado de aposentadoria | Aos Fatos;02/10/2023;https://www.aosfatos.org//noticias/falso-imposto-sindical-descontado-aposentadoria/;Aos Fatos
Vídeo mostra recorde de natação, não idosa fugindo de Cuba | Aos Fatos;02/10/2023;https://www.aosfatos.org//noticias/video-recorde-nadadora-nao-idosa-fugindo-de-cuba/;Aos Fatos
Câmara não derrubou decreto de Lula contra armas de fogo | Aos Fatos;02/10/2023;https://www.aosfatos.org//noticias/falso-camara-derrubou-decreto-lula-armas/;Aos Fatos
"É #FATO: Britney Spears dança brincando com facas; &#39;Halloween está próximo&#39;, diz cantora | Fato ou Fake | G1";30/09/2023;https://g1.globo.com/fato-ou-fake/noticia/2023/09/30/e-fato-britney-spears-manuseia-facas-enquanto-danca-e-gira.ghtml;Fato ou Fake
É #FAKE que Leila Pereira, presidente do Palmeiras, fez gesto obsceno em jogo da Libertadores | Fato ou Fake | G1;29/09/2023;https://g1.globo.com/fato-ou-fake/noticia/2023/09/29/e-fake-que-leila-pereira-presidente-do-palmeiras-fez-gesto-obsceno-em-jogo-da-libertadores.ghtml;Fato ou Fake
É #FATO que leões marinhos interagiram com cães durante enchente no RS, como mostra vídeo que viralizou | Fato ou Fake | G1;29/09/2023;https://g1.globo.com/fato-ou-fake/noticia/2023/09/29/e-fato-que-leoes-marinhos-interagiram-com-caes-durante-enchente-no-rs-como-mostra-video-que-viralizou.ghtml;Fato ou Fake
PL não determina que órgãos pertencerão ao Estado brasileiro | Aos Fatos;28/09/2023;https://www.aosfatos.org//noticias/projeto-nao-determina-orgaos-pertencerao-ao-estado/;Aos Fatos
PL não previa consumo de carne de cães abatidos em escolas | Aos Fatos;27/09/2023;https://www.aosfatos.org//noticias/falso-carne-de-cachorro-apodi/;Aos Fatos
É falso que compilado de desastres foi gravado na Líbia | Aos Fatos;27/09/2023;https://www.aosfatos.org//noticias/videos-desastres-outros-paises-nao-libia/;Aos Fatos
É #FAKE que vídeo de descarte de alimentos mostre situação no Nordeste e tenha sido gravado em 2023 | Fato ou Fake | G1;27/09/2023;https://g1.globo.com/fato-ou-fake/noticia/2023/09/27/e-fake-que-video-de-descarte-de-alimentos-mostre-situacao-no-nordeste-e-tenha-sido-gravado-em-2023.ghtml;Fato ou Fake, Aos Fatos
Vídeo mostra organização, e não descarte, de doações no RS | Aos Fatos;26/09/2023;https://www.aosfatos.org//noticias/video-maquina-doacoes-encantado/;Aos Fatos
Vídeo que mostra fila para doação de ossos é de 2021 | Aos Fatos;26/09/2023;https://www.aosfatos.org//noticias/reportagem-2021-familias-doacao-de-ossos/;Aos Fatos
É falso que o governo Lula anunciou o fim do Bolsa Família | Aos Fatos;25/09/2023;https://www.aosfatos.org//noticias/falso-video-antigo-lula-fim-do-bolsa-familia/;Aos Fatos
Lula não determinou criação de banheiros unissex em escolas | Aos Fatos;25/09/2023;https://www.aosfatos.org//noticias/falso-banheiros-unissex-escolas/;Aos Fatos
Advogado não provou que PT ordenou morte de Bolsonaro | Aos Fatos;25/09/2023;https://www.aosfatos.org//noticias/falso-wassef-provou-pt-ordenou-atentado-bolsonaro/;Aos Fatos
É #FAKE que água do Rio de Janeiro está contaminada com vírus capaz de causar parada cardíaca em crianças | Fato ou Fake | G1;25/09/2023;https://g1.globo.com/fato-ou-fake/noticia/2023/09/25/e-fake-que-agua-do-rio-de-janeiro-esta-contaminada-com-virus-capaz-de-causar-parada-cardiaca-em-criancas.ghtml;Fato ou Fake
Putin não criticou encontro de Lula e Zelenski em entrevista | Aos Fatos;22/09/2023;https://www.aosfatos.org//noticias/falso-entrevista-putin-critica-lula-encontro-zelenski/;Aos Fatos
Janja não vai assumir Presidência após cirurgia de Lula | Aos Fatos;22/09/2023;https://www.aosfatos.org//noticias/falso-janja-assume-presidencia/;Aos Fatos
Quatro dicas para se proteger do golpe da maquininha | Itaú | G1;22/09/2023;https://g1.globo.com/fato-ou-fake/itau/noticia/2023/09/22/quatro-dicas-para-se-proteger-do-golpe-da-maquininha.ghtml;Fato ou Fake
Vídeo mostra Lula sendo ovacionado no Brasil, não na ONU | Aos Fatos;21/09/2023;https://www.aosfatos.org//noticias/video-lula-novo-pac-nao-onu/;Aos Fatos
É falso que Biden ignorou Lula durante evento em Nova York | Aos Fatos;21/09/2023;https://www.aosfatos.org//noticias/falso-biden-ignorou-lula-em-nova-york/;Aos Fatos
Vídeo mostra festival folclórico, não parada sobre família | Aos Fatos;20/09/2023;https://www.aosfatos.org//noticias/video-festival-folclorico-servia-nao-parada-do-orgulho-da-familia/;Aos Fatos
Vídeo adulterado faz crer que Lula bebeu e assediou mulher | Aos Fatos;20/09/2023;https://www.aosfatos.org//noticias/falso-video-lula-assediou-mulher/;Aos Fatos
Vídeo que mostra projeção pró-Lula em Nova York é de 2022 | Aos Fatos;20/09/2023;https://www.aosfatos.org//noticias/projecao-lula-predio-nova-york-2022-nao-2023/;Aos Fatos
Adélio não disse que PT, PSOL e MDB mandaram matar Bolsonar | Aos Fatos;20/09/2023;https://www.aosfatos.org//noticias/falso-adelio-confessou-pt-psol-mdb-mandaram-matar-bolsonaro/;Aos Fatos
É #FAKE notícia de que BB estaria processando Luciano Huck por fala sobre criptomoedas | Fato ou Fake | G1;20/09/2023;https://g1.globo.com/fato-ou-fake/noticia/2023/09/20/e-fake-noticia-de-que-bb-estaria-processando-luciano-huck-por-fala-sobre-criptomoedas.ghtml;Fato ou Fake
"É #FATO: ilusão de ótica faz parecer que helicóptero voa sem mexer as pás; veja vídeo | Fato ou Fake | G1";20/09/2023;https://g1.globo.com/fato-ou-fake/noticia/2023/09/20/e-fato-ilusao-de-otica-faz-parecer-que-helicoptero-voa-sem-mexer-as-pas-veja-video.ghtml;Fato ou Fake
Bolsa que Marina Silva usou custa R$ 250, não R$ 52 mil | Aos Fatos;19/09/2023;https://www.aosfatos.org//noticias/bolsa-marina-silva-visita-rio-grande-do-sul/;Aos Fatos
Vídeo não mostra nova gravação do 8/1 que incrimina Lula | Aos Fatos;19/09/2023;https://www.aosfatos.org//noticias/falso-nova-gravacao-8-de-janeiro-incrimina-lula/;Aos Fatos
Veja a checagem do discurso de Lula na ONU | Fato ou Fake | G1;19/09/2023;https://g1.globo.com/fato-ou-fake/noticia/2023/09/19/veja-a-checagem-do-discurso-de-lula-na-onu.ghtml;Fato ou Fake
Vídeo não mostra enchente na Líbia, e sim na Turquia | Aos Fatos;18/09/2023;https://www.aosfatos.org//noticias/video-enchente-turquia-nao-libia/;Aos Fatos
Foto não mostra Eliziane Gama disfarçada no 8 de janeiro | Aos Fatos;18/09/2023;https://www.aosfatos.org//noticias/falso-eliziane-gama-8-de-janeiro/;Aos Fatos
É #FAKE que haverá pagamento extra do INSS em setembro de 2023 | Fato ou Fake | G1;16/09/2023;https://g1.globo.com/fato-ou-fake/noticia/2023/09/16/e-fake-que-havera-pagamento-extra-do-inss-em-setembro-de-2023.ghtml;Fato ou Fake
Vídeo não mostra pessoas que perderam Bolsa Família em 2023 | Aos Fatos;15/09/2023;https://www.aosfatos.org//noticias/video-2021-impacto-pandemia-bolsa-familia/;Aos Fatos
Lula não roubou canetas durante reunião da Cúpula do G20 | Aos Fatos;15/09/2023;https://www.aosfatos.org//noticias/falso-lula-roubou-canetas-g20/;Aos Fatos
Vídeo de 2020 sobre facada em Bolsonaro circula como novo | Aos Fatos;14/09/2023;https://www.aosfatos.org//noticias/video-noticia-facada-bolsonaro-2020-nao-atual/;Aos Fatos
É falso que Lula foi ignorado por líderes na Cúpula do G20 | Aos Fatos;13/09/2023;https://www.aosfatos.org//noticias/falso-lula-ignorado-lideres-g20/;Aos Fatos
Prefeito de Garanhuns não destruiu estátua de Lula | Aos Fatos;13/09/2023;https://www.aosfatos.org//noticias/prefeito-garanhuns-nao-mandou-destruir-estatua-lula/;Aos Fatos
Aras não disse que vai invalidar delação de Mauro Cid | Aos Fatos;13/09/2023;https://www.aosfatos.org//noticias/falso-aras-invalidar-delacao-mauro-cid/;Aos Fatos
Falta de equipamento não prova que Bolsonaro forjou cirurgia | Aos Fatos;13/09/2023;https://www.aosfatos.org//noticias/indumentarias-equipe-medica-nao-provam-cirurgia-bolsonaro-encenada/;Aos Fatos
Doações não foram retidas para aguardar Lula em Muçum | Aos Fatos;12/09/2023;https://www.aosfatos.org//noticias/doacoes-mucum-rs-nao-foram-retidas-para-aguardar-lula/;Aos Fatos
Cena de resgate com carregadeira ocorreu na China, não no RS | Aos Fatos;12/09/2023;https://www.aosfatos.org//noticias/video-resgate-carregadeira-enchente-china/;Aos Fatos
Lula apoiou indicação a tribunal que agora diz desconhecer | Aos Fatos;11/09/2023;https://www.aosfatos.org//noticias/lula-tribunal-penal-internacional-cupula-g20/;Aos Fatos
Posts usam vídeos de outros desastres para mentir sobre RS | Aos Fatos;11/09/2023;https://www.aosfatos.org//noticias/videos-desastres-climaticos-ciclone-rs/;Aos Fatos
Barragens não têm relação com enchente no Vale do Taquari | Aos Fatos;11/09/2023;https://www.aosfatos.org//noticias/enchente-vale-do-taquari-nao-foi-causada-por-comportas-barragens/;Aos Fatos
Lajeado não paralisou doações para aguardar chegada de Lula | Aos Fatos;11/09/2023;https://www.aosfatos.org//noticias/doacoes-lajeado-nao-foi-paralisada-lula/;Aos Fatos
Vídeo de militares indígenas no 7 de Setembro é distorcido | Aos Fatos;08/09/2023;https://www.aosfatos.org//noticias/video-militares-indigenas-7-de-setembro/;Aos Fatos
Lula não virou as costas a general no 7 de Setembro | Aos Fatos;08/09/2023;https://www.aosfatos.org//noticias/falso-7-de-setembro-lula-costas-general/;Aos Fatos
Maduro não foi apedrejado recentemente durante desfile | Aos Fatos;06/09/2023;https://www.aosfatos.org//noticias/falso-maduro-agredido-desfile-militar/;Aos Fatos
Vídeo de Zé Trovão sobre greve de caminhoneiros é de 2021 | Aos Fatos;06/09/2023;https://www.aosfatos.org//noticias/video-ze-trovao-paralisacao-caminhoneiros-7-de-setembro-2021-nao-atual/;Aos Fatos
Vídeo mostra manifestação contra governador da PB, não Lula | Aos Fatos;06/09/2023;https://www.aosfatos.org//noticias/video-manifestacao-governador-paraiba-nao-lula/;Aos Fatos
Vídeo mostra protesto contra governo de AL, não contra Lula | Aos Fatos;05/09/2023;https://www.aosfatos.org//noticias/video-protesto-governo-alagoas-nao-lula/;Aos Fatos
Dino desinforma sobre Suprema Corte dos EUA para apoiar Lula | Aos Fatos;05/09/2023;https://www.aosfatos.org//noticias/dino-desinforma-sobre-suprema-corte-dos-eua/;Aos Fatos
É falso que aplicativo localize vacinados contra a Covid-19 | Aos Fatos;05/09/2023;https://www.aosfatos.org//noticias/falso-aplicativo-localiza-vacinados/;Aos Fatos
Decreto não aumentou alíquota do IR de 27,5% para 35% | Aos Fatos;04/09/2023;https://www.aosfatos.org//noticias/falso-decreto-aumentou-aliquota-do-ir/;Aos Fatos
Reportagem sobre rodovias obstruídas é de 2022, não recente | Aos Fatos;04/09/2023;https://www.aosfatos.org//noticias/reportagem-obstrucao-de-rodovias-2022-nao-recente/;Aos Fatos
PIB não cresceu mais em 2023 do que em 4 anos de Bolsonaro | Aos Fatos;04/09/2023;https://www.aosfatos.org//noticias/falso-pib-cresceu-mais-8-meses-que-4-anos-bolsonaro/;Aos Fatos
Bloqueio de verba do Ibama ocorreu durante governo Bolsonaro | Aos Fatos;04/09/2023;https://www.aosfatos.org//noticias/video-2022-bloqueio-verbas-ibama/;Aos Fatos
Idosa não cobrou Lula por corte de recursos de municípios | Aos Fatos;01/09/2023;https://www.aosfatos.org//noticias/video-idosa-lula/;Aos Fatos
Posts distorcem portaria que limita Bolsa Família | Aos Fatos;01/09/2023;https://www.aosfatos.org//noticias/falso-16-de-cada-100-beneficiarios-bolsa-familia/;Aos Fatos
Vídeo mostra protesto contra governo Zema, em MG, não Lula | Aos Fatos;01/09/2023;https://www.aosfatos.org//noticias/video-idosa-lula/;Aos Fatos
Vídeo não mostra protesto no Nordeste contra Lula | Aos Fatos;01/09/2023;https://www.aosfatos.org//noticias/video-protesto-zema-nao-lula/;Aos Fatos
MC Marcinho não esperou três anos por transplante de coração | Aos Fatos;01/09/2023;https://www.aosfatos.org//noticias/video-motos-protesto-manaus-nao-nordeste-contra-lula/;Aos Fatos
Post viral mente sobre Faustão ter furado a fila por coração | Aos Fatos;31/08/2023;https://www.aosfatos.org//noticias/mc-marcinho-nao-esperou-tres-anos-por-transplante/;Aos Fatos
É #FAKE que vídeo de minijacaré mostre animal de verdade | Fato ou Fake | G1;30/08/2023;https://www.aosfatos.org//noticias/falso-whatsapp-medicos-faustao-furou-a-fila/;Aos Fatos
Lula falseia dados sobre dívida de países da África | Aos Fatos;30/08/2023;https://g1.globo.com/fato-ou-fake/noticia/2023/08/30/e-fake-que-video-de-mini-jacare-mostre-animal-de-verdade.ghtml;Fato ou Fake
Vídeo antigo de ato pró-Bolsonaro em MG circula como atual | Aos Fatos;29/08/2023;https://www.aosfatos.org//noticias/lula-falseia-dados-divida-paises-africanos/;Aos Fatos
É falso que representante da Otan fez ameaça ao Brasil | Aos Fatos;29/08/2023;https://www.aosfatos.org//noticias/video-manifestacao-bolsonaro-belo-horizonte-2022-nao-atual/;Aos Fatos
Lula engana ao dizer que Dilma foi absolvida de ‘pedaladas’ | Aos Fatos;28/08/2023;https://www.aosfatos.org//noticias/falso-representante-otan-ameaca-brasil/;Aos Fatos
Reportagem sobre alta da gasolina em 2022 circula como atual | Aos Fatos;28/08/2023;https://www.aosfatos.org//noticias/lula-engana-ao-dizer-dilma-foi-absolvida-pedaladas/;Aos Fatos
Lula não deixou de devolver contêineres de objetos à União | Aos Fatos;28/08/2023;https://www.aosfatos.org//noticias/reportagem-record-aumento-da-gasolina-2022/;Aos Fatos
É mentira que Bolsonaro nunca se encontrou com hacker | Aos Fatos;25/08/2023;https://www.aosfatos.org//noticias/falso-lula-deixou-de-devolver-11-conteineres-a-uniao/;Aos Fatos
Posts distorcem informação sobre vacina e nova variante | Aos Fatos;25/08/2023;https://www.aosfatos.org//noticias/falso-bolsonaro-nunca-se-encontrou-com-hacker/;Aos Fatos
É #FAKE que Lula não assinou lei de liberdade das igrejas | Fato ou Fake | G1;25/08/2023;https://www.aosfatos.org//noticias/cdc-nova-variante-coronavirus-vacina/;Aos Fatos
Lula não afirmou que fará loteamento da Amazônia | Aos Fatos;25/08/2023;https://g1.globo.com/fato-ou-fake/noticia/2023/08/25/e-fake-que-lula-nao-assinou-lei-de-liberdade-das-igrejas.ghtml;Fato ou Fake
Vídeo de suposto arrastão em Copacabana é encenação | Aos Fatos;24/08/2023;https://www.aosfatos.org//noticias/falso-lula-loteamento-amazonia/;Aos Fatos
FDA não recomendou o uso de ivermectina contra a Covid-19 | Aos Fatos;24/08/2023;https://www.aosfatos.org//noticias/video-encenacao-influenciador-nao-arrastao-copacabana/;Aos Fatos
History não disse que incêndios no Havaí foram provocados | Aos Fatos;23/08/2023;https://www.aosfatos.org//noticias/falso-recomendacao-fda-ivermectina/;Aos Fatos
É #FAKE que incêndio mostrado em vídeo seja entre dois carros elétricos | Fato ou Fake | G1;23/08/2023;https://www.aosfatos.org//noticias/canal-history-incendios-havai-provocados/;Aos Fatos
Reportagem de 2022 sobre falta de diesel circula como atual | Aos Fatos;23/08/2023;https://g1.globo.com/fato-ou-fake/noticia/2023/08/23/e-fake-que-incendio-mostrado-em-video-seja-entre-dois-carros-eletricos.ghtml;Fato ou Fake
Vídeo de Via Dutra bloqueada por caminhoneiros não é recente | Aos Fatos;22/08/2023;https://www.aosfatos.org//noticias/video-desabastecimento-de-diesel-2022/;Aos Fatos
Bolsonaro não disse que ‘entregará todos’ caso seja preso | Aos Fatos;21/08/2023;https://www.aosfatos.org//noticias/video-bloqueio-caminhoneiros-via-dutra-barra-mansa/;Aos Fatos
É falso que apagão elétrico causou 5.765 mortes em hospitais | Aos Fatos;21/08/2023;https://www.aosfatos.org//noticias/falso-bolsonaro-disse-entregar-todo-mundo/;Aos Fatos
É #FAKE que vídeo com versão de &#39,Bella Ciao&#39, signifique levante da direita internacional | Fato ou Fake | G1;21/08/2023;https://www.aosfatos.org//noticias/falso-apagao-eletrico-5765-mortes-hospitais/;Aos Fatos
Moraes não pediu prisão de autor de música que critica STF | Aos Fatos;21/08/2023;https://g1.globo.com/fato-ou-fake/noticia/2023/08/21/e-fake-que-video-com-versao-de-bella-ciao-signifique-levante-da-direita-internacional.ghtml;Fato ou Fake
Hacker não confirmou que urnas podem ter sido adulteradas | Aos Fatos;18/08/2023;https://www.aosfatos.org//noticias/falso-autor-musica-critica-stf-preso-alexandre-de-moraes/;Aos Fatos
Ataque a torre de Furnas não tem relação com blecaute | Aos Fatos;18/08/2023;https://www.aosfatos.org//noticias/delgatti-cpmi-nao-confirma-urnas-eletronicas-adulteradas/;Aos Fatos
Decisão de compra de energia venezuelana é anterior a apagão | Aos Fatos;18/08/2023;https://www.aosfatos.org//noticias/ataque-a-torre-de-furnas-janeiro/;Aos Fatos
Vídeos não mostram raios laser provocando incêndios no Havaí | Aos Fatos;18/08/2023;https://www.aosfatos.org//noticias/decreto-energia-venezuela-apagao/;Aos Fatos
Justiça não negou prisão de Bolsonaro no caso das joias | Aos Fatos;17/08/2023;https://www.aosfatos.org//noticias/falso-videos-laser-incendios-havai/;Aos Fatos
É falso que presidente do Paraguai ignorou Lula | Aos Fatos;17/08/2023;https://www.aosfatos.org//noticias/falso-justica-negou-prisao-bolsonaro/;Aos Fatos
Lula não admitiu ter roubado 11 contêineres de presentes | Aos Fatos;16/08/2023;https://www.aosfatos.org//noticias/falso-presidente-do-paraguai-ignorou-lula/;Aos Fatos
Rui Costa desinforma sobre letalidade policial na Bahia | Aos Fatos;15/08/2023;https://www.aosfatos.org//noticias/falso-lula-confessou-roubar-conteineres/;Aos Fatos
É #FAKE que ator Humberto Martins e Anvisa recomendem medicamento para tratamento de próstata | Fato ou Fake | G1;15/08/2023;https://www.aosfatos.org//noticias/rui-costa-letalidade-policial-bahia/;Aos Fatos
Lula não mudou versão sobre por que teve que amputar dedo | Aos Fatos;15/08/2023;https://g1.globo.com/fato-ou-fake/noticia/2023/08/15/e-fake-que-ator-humberto-martins-e-anvisa-recomendem-medicamento-para-tratamento-de-prostata.ghtml;Fato ou Fake
Governo não autorizou ‘mudança de sexo’ a partir dos 14 anos | Aos Fatos;14/08/2023;https://www.aosfatos.org//noticias/fora-de-contexto-lula-dedo/;Aos Fatos
É #FAKE que PRF use drone para multar motoristas por excesso de velocidade | Fato ou Fake | G1;14/08/2023;https://www.aosfatos.org//noticias/ministerio-da-saude-nao-autorizou-mudanca-de-sexo-14-anos/;Aos Fatos
Golpe promete devolução do ICMS cobrado em contas de luz | Aos Fatos;12/08/2023;https://g1.globo.com/fato-ou-fake/noticia/2023/08/12/e-fake-que-prf-use-drone-para-multar-motoristas-por-excesso-de-velocidade.ghtml;Fato ou Fake
ONU não disse que cristãos devem acatar valores de esquerda | Aos Fatos;11/08/2023;https://www.aosfatos.org//noticias/golpe-promete-devolucao-icms-contas-de-luz/;Aos Fatos
Site falso do Serasa Limpa Nome espalha golpes no Facebook | Aos Fatos;11/08/2023;https://www.aosfatos.org//noticias/onu-nao-disse-cristaos-esquerda-expulsos-sociedade/;Aos Fatos
Vídeo não mostra crítica de Marília Gabriela ao Exército | Aos Fatos;10/08/2023;https://www.aosfatos.org//noticias/site-falso-serasa-limpa-nome-facebook-golpe/;Aos Fatos
É falso que MC Carol cantou sobre sexo no Criança Esperança | Aos Fatos;10/08/2023;https://www.aosfatos.org//noticias/falso-marilia-gabriela-critica-exercito/;Aos Fatos
STM não recebeu ofício de militares pedindo prisão de Moraes | Aos Fatos;10/08/2023;https://www.aosfatos.org//noticias/falso-mc-carol-sexo-armas-crianca-esperanca/;Aos Fatos
Programa de TV não ofereceu brinquedos sexuais a crianças | Aos Fatos;10/08/2023;https://www.aosfatos.org//noticias/falso-stm-oficio-militares-prisao-alexandre-de-moraes/;Aos Fatos
Ministro engana ao dizer que petróleo não impede meta da ONU | Aos Fatos;09/08/2023;https://www.aosfatos.org//noticias/falso-programa-tv-holandes-brinquedos-sexuais-criancas/;Aos Fatos
É falso que vídeo mostra tiro disparado contra Lula | Aos Fatos;09/08/2023;https://www.aosfatos.org//noticias/ministro-minas-energia-petroleo-meta-climatica/;Aos Fatos
É mentira que Alckmin admitiu fraude nas eleições de 2022 | Aos Fatos;09/08/2023;https://www.aosfatos.org//noticias/falso-video-tiro-contra-lula/;Aos Fatos
Lula não cortou 76% dos empregos da Petrobras no Nordeste | Aos Fatos;09/08/2023;https://www.aosfatos.org//noticias/falso-alckmin-admitiu-fraude-eleicoes-2022/;Aos Fatos
É falso que Tarcísio de Freitas comprou blindados para a PM | Aos Fatos;08/08/2023;https://www.aosfatos.org//noticias/dieese-corte-empregos-petrobras-nordeste/;Aos Fatos
É falso que avião com o cantor Zé Vaqueiro caiu | Aos Fatos;07/08/2023;https://www.aosfatos.org//noticias/falso-tarcisio-blindados-pm-sp/;Aos Fatos
Reajuste para energia solar foi aprovado por Bolsonaro | Aos Fatos;07/08/2023;https://www.aosfatos.org//noticias/falso-aviao-ze-vaqueiro-caiu/;Aos Fatos
É falso que vídeo mostra alunos cheirando cocaína | Aos Fatos;07/08/2023;https://www.aosfatos.org//noticias/aumento-conta-energia-solar-bolsonaro-nao-lula/;Aos Fatos
Vídeo que mostra robô assassino armado é paródia | Aos Fatos;04/08/2023;https://www.aosfatos.org//noticias/falso-video-criancas-cocaina-escola/;Aos Fatos
Lula não antecipou aposentadoria de mulheres de baixa renda | Aos Fatos;03/08/2023;https://www.aosfatos.org//noticias/video-parodia-robo-assassino-armado/;Aos Fatos
Papa não defendeu sacrifício humano em prol do meio ambiente | Aos Fatos;03/08/2023;https://www.aosfatos.org//noticias/falso-governo-lula-antecipou-aposentadoria-mulheres-baixa-renda/;Aos Fatos
Vídeo cria teoria conspiratória para atacar STF e governo | Aos Fatos;03/08/2023;https://www.aosfatos.org//noticias/falso-papa-francisco-sacrificar-alcoolatras/;Aos Fatos
Vídeo de Dino em 8 de janeiro foi gravado após ataques | Aos Fatos;02/08/2023;https://www.aosfatos.org//noticias/video-teoria-conspiratoria-governo-stf-exercito/;Aos Fatos
Inquérito não concluiu que Lula destruiu relógio raro | Aos Fatos;02/08/2023;https://www.aosfatos.org//noticias/video-dino-planalto-8-de-janeiro-apos-ataques-golpistas/;Aos Fatos
Veículos do Exército não exibiram bandeira de Cuba | Aos Fatos;02/08/2023;https://www.aosfatos.org//noticias/texto-satirico-lula-relogio-8-de-janeiro/;Aos Fatos
É falso que prefeito de Ouricuri foi pego com R$ 70 milhões | Aos Fatos;02/08/2023;https://www.aosfatos.org//noticias/exercito-bandeira-cavalaria-nao-cuba/;Aos Fatos
Vídeo mostra obra de escola em cidade baiana, não teatro | Aos Fatos;01/08/2023;https://www.aosfatos.org//noticias/falso-prefeito-ouricuri-70-milhoes/;Aos Fatos
É #FAKE que Haddad tenha tocado Vai novinha ao violão durante entrevista ao g1 | Fato ou Fake | G1;31/07/2023;https://www.aosfatos.org//noticias/video-obra-crisopolis-escola-tempo-integral-nao-teatro/;Aos Fatos
Vídeo sobre uso da camisinha não foi filmado em escola | Aos Fatos;29/07/2023;https://g1.globo.com/fato-ou-fake/noticia/2023/07/29/e-fake-que-haddad-tenha-tocado-vai-novinha-ao-violao-durante-entrevista-ao-g1.ghtml;Fato ou Fake
É falso que Waack e ‘juíza sueca’ denunciaram fraude na urna | Aos Fatos;28/07/2023;https://www.aosfatos.org//noticias/falso-video-uso-preservativo-2017-aula-criancas-governo-lula/;Aos Fatos
Exército não tomou poder e prendeu STF e esquerda no Equador | Aos Fatos;28/07/2023;https://www.aosfatos.org//noticias/falso-video-juiza-sueca-william-waack/;Aos Fatos
Placas veiculares não voltaram a identificar cidade e estado | Aos Fatos;27/07/2023;https://www.aosfatos.org//noticias/falso-exercito-equador-prisao-corte-constitucional/;Aos Fatos
É #FAKE entrevista em queassaltante diz que conheceu namorada quando roubou celular dela | Fato ou Fake | G1;27/07/2023;https://www.aosfatos.org//noticias/lula-nao-determinou-que-placas-veiculares-voltem-a-identificar-cidade-e-estado-de-origem/;Aos Fatos
JN não veiculou editorial celebrando 200 dias sem Bolsonaro | Aos Fatos;27/07/2023;https://g1.globo.com/fato-ou-fake/noticia/2023/07/27/e-fake-entrevista-em-que-assaltante-diz-que-conheceu-namorada-quando-roubou-celular-dela.ghtml;Fato ou Fake
Cenas do curta ‘Era uma vez Favela’ circulam como reais | Aos Fatos;26/07/2023;https://www.aosfatos.org//noticias/falso-editorial-jornal-nacional-200-dias-sem-bolsonaro/;Aos Fatos
Itália não chamou suposta agressão a Moraes de ‘travessura’ | Aos Fatos;26/07/2023;https://www.aosfatos.org//noticias/video-traficantes-armados-rj-gravacao-curta-metragem/;Aos Fatos, Fato ou Fake
"É #FAKE que ministro ataque Bíblia e cristãos em vídeo; cenas são de quadro de humor do grupo Porta dos Fundos | Fato ou Fake | G1";26/07/2023;https://www.aosfatos.org//noticias/falso-governo-italiano-alexandre-de-moraes-travessura-bairro/;Aos Fatos
Vídeo de Janja dançando é manipulado para disseminar ódio | Aos Fatos;26/07/2023;https://g1.globo.com/fato-ou-fake/noticia/2023/07/26/e-fake-que-ministro-ataque-biblia-e-cristaos-em-video-cenas-sao-de-quadro-de-humor-do-grupo-porta-dos-fundos.ghtml;Fato ou Fake
Barroso não mentiu sobre contagem manual de votos | Aos Fatos;25/07/2023;https://g1.globo.com/fato-ou-fake/noticia/2023/07/25/e-fato-video-que-mostra-crianca-afundando-no-mar-apos-boias-se-soltarem-ela-passa-bem.ghtml;Fato ou Fake
Vídeo em que Girão defende impeachment de Barroso é de 2022 | Aos Fatos;24/07/2023;https://www.aosfatos.org//noticias/video-janja-carimbo/;Aos Fatos
Lula não foi chamado de ‘ladrão’ na ONU | Aos Fatos;21/07/2023;https://www.aosfatos.org//noticias/barroso-contagem-manual-votos/;Aos Fatos
Vídeo não mostra opositores de Maduro mortos na Venezuela | Aos Fatos;20/07/2023;https://www.aosfatos.org//noticias/video-2022-girao-impeachment-barroso/;Aos Fatos
É #FAKE que vídeo mostre onça nos Estúdios Globo | Fato ou Fake | G1;20/07/2023;https://www.aosfatos.org//noticias/falso-lula-ladrao-onu/;Aos Fatos
Suspeito de ofender Moraes não recebeu auxílio emergencial | Aos Fatos;20/07/2023;https://www.aosfatos.org//noticias/video-atropelamento-eua-nao-opositores-venezuela/;Aos Fatos
"É #FAKE que peixe tenha roubado celular de turista no Rio; vídeo é das Filipinas | Fato ou Fake | G1";20/07/2023;https://g1.globo.com/fato-ou-fake/noticia/2023/07/20/e-fake-que-video-mostre-onca-nos-estudios-globo.ghtml;Fato ou Fake
Jornal Italiano não disse que filho de Moraes é agressor | Aos Fatos;19/07/2023;https://www.aosfatos.org//noticias/falso-auxilio-emergencial-suspeito-hostilizar-alexandre-de-moraes/;Aos Fatos
É falso que desemprego ‘disparou’ com Lula | Aos Fatos;19/07/2023;https://g1.globo.com/fato-ou-fake/noticia/2023/07/19/e-fake-que-peixe-tenha-roubado-celular-de-turista-no-rio-video-e-das-filipinas.ghtml;Fato ou Fake
É #FAKE que Merval Pereira tenha dito que STF colocou o país à disposição de Lula e dos comunistas | Fato ou Fake | G1;18/07/2023;https://www.aosfatos.org//noticias/falso-jornal-italiano-filho-alexandre-de-moraes/;Aos Fatos
É #FAKE que reforma tributária acabe com direito a herança | Fato ou Fake | G1;18/07/2023;https://www.aosfatos.org//noticias/falso-desemprego-disparou-lula/;Aos Fatos
Lula não foi vaiado e nem xingado em evento no Nordeste | Aos Fatos;18/07/2023;https://g1.globo.com/fato-ou-fake/noticia/2023/07/18/e-fake-que-merval-pereira-tenha-dito-que-stf-colocou-o-pais-a-disposicao-de-lula-e-dos-comunistas.ghtml;Fato ou Fake, Aos Fatos
Posts difundem discurso falso pró-Lula atribuído a Ratinho | Aos Fatos;18/07/2023;https://g1.globo.com/fato-ou-fake/noticia/2023/07/18/e-fake-que-reforma-tributaria-acabe-com-direito-a-heranca.ghtml;Fato ou Fake
Vídeo não mostra agressão a Alexandre de Moraes na Itália | Aos Fatos;17/07/2023;https://www.aosfatos.org//noticias/falso-lula-hostilizado-evento-minha-casa-minha-vida-nordeste/;Aos Fatos
Relatório sobre fome no Brasil usou dados de 2020 a 2022 | Aos Fatos;17/07/2023;https://www.aosfatos.org//noticias/falso-ratinho-discurso-lula/;Aos Fatos
É falso que tribunal europeu negou direito a casamento LGBT+ | Aos Fatos;17/07/2023;https://www.aosfatos.org//noticias/video-alexandre-de-moraes-nova-york-nao-italia/;Aos Fatos
Governo Lula não recusou vacina contra a dengue | Aos Fatos;14/07/2023;https://www.aosfatos.org//noticias/relatorio-onu-fome-no-brasil-dados-2022/;Aos Fatos
Vídeo não mostra plantação de maconha do MST na Bahia | Aos Fatos;13/07/2023;https://www.aosfatos.org//noticias/falso-tribunal-europeu-direitos-humanos-negou-casamento-lgbtq/;Aos Fatos
Jean Wyllys não disse que banirá Bíblia na volta ao Brasil | Aos Fatos;13/07/2023;https://www.aosfatos.org//noticias/falso-governo-lula-recusou-vacina-dengue/;Aos Fatos
Nunes Marques não disse que urnas foram fraudadas | Aos Fatos;13/07/2023;https://www.aosfatos.org//noticias/falso-video-plantacao-maconha-mst-bahia/;Aos Fatos
Vídeo que mostra tensão entre militares é de janeiro de 2023 | Aos Fatos;12/07/2023;https://www.aosfatos.org//noticias/falso-jean-wyllys-banir-biblia/;Aos Fatos
Vídeo de helicóptero jogando bombas em Brasília é antigo | Aos Fatos;12/07/2023;https://www.aosfatos.org//noticias/video-nunes-marques-urnas-fraudadas-voto-fora-de-contexto/;Aos Fatos
Lula não acabou com aposentadoria por tempo de contribuição | Aos Fatos;11/07/2023;https://www.aosfatos.org//noticias/video-antigo-pm-exercito-brasilia/;Aos Fatos
Vídeo de Lula com indígenas foi editado para incluir vaias | Aos Fatos;11/07/2023;https://www.aosfatos.org//noticias/video-bombas-brasilia-antigo-nao-recente/;Aos Fatos
Vídeo não mostra incêndio em estacionamento na França | Aos Fatos;10/07/2023;https://www.aosfatos.org//noticias/falso-governo-lula-fim-aposentadoria-tempo-de-contribuicao/;Aos Fatos
Vídeo não mostra incêndio na Biblioteca de Alcazar na França | Aos Fatos;10/07/2023;https://www.aosfatos.org//noticias/falso-video-lula-vaiado-indigenas/;Aos Fatos
Reforma não muda IR nem estabelece critério de gênero e raça | Aos Fatos;10/07/2023;https://www.aosfatos.org//noticias/video-incendio-carros-australia-nao-franca/;Aos Fatos
É falso que artistas vão a show da Beyoncé com verba pública | Aos Fatos;07/07/2023;https://www.aosfatos.org//noticias/video-incendio-filipinas-nao-biblioteca-alcazar-franca/;Aos Fatos
Governo Lula não mandou PRF apreender pneus importados | Aos Fatos;07/07/2023;https://www.aosfatos.org//noticias/falso-reforma-tributaria-imposto-de-renda-genero-raca/;Aos Fatos
Vídeo viral desinforma sobre a reforma tributária | Aos Fatos;07/07/2023;https://www.aosfatos.org//noticias/falso-artistas-show-beyonce-governo-dinheiro-publico/;Aos Fatos
É #FAKE declaração de prefeito de Santos de que UPA local atende a mais de 50% da população de São Vicente | Fato ou Fake | G1;07/07/2023;https://www.aosfatos.org//noticias/falso-governo-lula-prf-apreensao-pneus-importados/;Aos Fatos
Vídeo não mostra celebração por inelegibilidade de Bolsonaro | Aos Fatos;07/07/2023;https://www.aosfatos.org//noticias/video-engana-sobre-reforma-tributaria/;Aos Fatos
Governo e STF não organizaram ‘Movimento Sem Empresa’ | Aos Fatos;07/07/2023;https://g1.globo.com/fato-ou-fake/noticia/2023/07/07/e-fake-declaracao-de-prefeito-de-santos-de-que-upa-local-atende-a-mais-de-50percent-da-populacao-de-sao-vicente.ghtml;Fato ou Fake
É #FAKE que decreto determine obrigatoriedade do domingo como dia de repouso oficial | Fato ou Fake | G1;06/07/2023;https://www.aosfatos.org//noticias/falso-video-comemoracao-inelegibilidade-bolsonaro/;Aos Fatos
É #FAKE que Shein esteja falindo e que tenha lançado aplicativo que paga por avaliação de produtos | Fato ou Fake | G1;06/07/2023;https://www.aosfatos.org//noticias/falso-movimento-sem-empresa/;Aos Fatos
Etchegoyen não disse que resultado das urnas foi manipulado | Aos Fatos;06/07/2023;https://g1.globo.com/fato-ou-fake/noticia/2023/07/06/e-fake-que-decreto-determine-obrigatoriedade-do-domingo-como-dia-de-repouso-oficial.ghtml;Fato ou Fake
É falso que STM ordenou prisão de comandante da Marinha | Aos Fatos;06/07/2023;https://g1.globo.com/fato-ou-fake/noticia/2023/07/06/e-fake-que-shein-esteja-falindo-e-que-tenha-lancado-aplicativo-que-paga-por-avaliacao-de-produtos.ghtml;Fato ou Fake
Caixa não taxará Pix em R$ 8 a partir de 19 de julho | Aos Fatos;05/07/2023;https://www.aosfatos.org//noticias/falso-etchegoyen-resultado-manipulado-eleicoes-2022/;Aos Fatos
BC não disse que 88 milhões de CPFs fizeram Pix a Bolsonaro | Aos Fatos;05/07/2023;https://www.aosfatos.org//noticias/falso-stm-ordenou-prisao-comandante-da-marinha/;Aos Fatos
Governo Bolsonaro, não Lula, suspendeu Operação Carro-Pipa | Aos Fatos;05/07/2023;https://www.aosfatos.org//noticias/caixa-nao-taxara-pix-8-reais-19-de-julho/;Aos Fatos
É #FAKE que Jackie Chan tenha se emocionado com a filha ao rever carreira: cena é de um filme | Fato ou Fake | G1;04/07/2023;https://www.aosfatos.org//noticias/falso-bc-88-milhoes-cpfs-pix-bolsonaro/;Aos Fatos
Em busca de apoio, Lula engana sobre financiamento rural | Aos Fatos;04/07/2023;https://www.aosfatos.org//noticias/bolsonaro-nao-lula-operacao-carro-pipa-suspensa-nordeste/;Aos Fatos
Vídeo não mostra assassinato da mulher de Marcola | Aos Fatos;04/07/2023;https://g1.globo.com/fato-ou-fake/noticia/2023/07/04/e-fake-que-jackie-chan-tenha-se-emocionado-com-a-filha-ao-rever-carreira-cena-e-de-um-filme.ghtml;Fato ou Fake
Lula não disse que é proibido fazer críticas a ele e ao PT | Aos Fatos;03/07/2023;https://www.aosfatos.org//noticias/declaracoes-lula-agro-plano-safra/;Aos Fatos
Lula não foi vaiado e chamado de ‘ladrão’ em Viamão | Aos Fatos;03/07/2023;https://www.aosfatos.org//noticias/falso-video-assassinato-mulher-traficante-marcola-rio-de-janeiro/;Aos Fatos
Vídeo de caminhões não tem relação com Bolsonaro inelegível | Aos Fatos;03/07/2023;https://www.aosfatos.org//noticias/falso-lula-pt-proibido-fazer-criticas/;Aos Fatos
Regra que reduziu pensão por morte foi criada na gestão Bols | Aos Fatos;03/07/2023;https://www.aosfatos.org//noticias/lula-nao-foi-vaiado-evento-minha-casa-minha-vida-viamao/;Aos Fatos
Lula não embargou obra de ponte entre TO e PA | Aos Fatos;03/07/2023;https://www.aosfatos.org//noticias/video-caminhoes-brasilia-nao-tem-relacao-decisao-tse-bolsonaro-inelegivel/;Aos Fatos
